{"1_0": [1.8209306240276921, 0.0, 0.3472806836508219], "0_0": [0.58519850599, 0.0, 0.0], "1_1": [1.3994164535871152, 0.0, 0.2022536154554837]}